id,name,model_id:id,group_id:id,perm_read,perm_write,perm_create,perm_unlink
access_workplan_objective_user,workplan.objective.user,model_workplan_objective,workplan.workplan_group_user,1,0,0,0
access_workplan_outcome_user,workplan.outcome.user,model_workplan_outcome,workplan.workplan_group_user,1,0,0,0
access_workplan_indicator_user,workplan.indicator.user,model_workplan_indicator,workplan.workplan_group_user,1,0,0,0
access_workplan_workplan_user,workplan.workplan.user,model_workplan_workplan,workplan.workplan_group_user,1,0,0,0
access_workplan_workplan_lines_user,workplan.workplan.lines.user,model_workplan_workplan_lines,workplan.workplan_group_user,1,0,0,0
access_workplan_workplan_manager,workplan.workplan.manager,model_workplan_workplan,workplan.workplan_group_manager,1,1,0,0
access_workplan_workplan_lines_manager,workplan.workplan.lines.manager,model_workplan_workplan_lines,workplan.workplan_group_manager,1,1,1,0
access_workplan_objective_hod,workplan.objective.hod,model_workplan_objective,workplan.workplan_group_hod,1,1,1,0
access_workplan_outcome_hod,workplan.outcome.hod,model_workplan_outcome,workplan.workplan_group_hod,1,1,1,0
access_workplan_indicator_hod,workplan.indicator.hod,model_workplan_indicator,workplan.workplan_group_hod,1,1,1,0
access_workplan_workplan_hod,workplan.workplan.hod,model_workplan_workplan,workplan.workplan_group_hod,1,1,1,0
access_workplan_workplan_lines_hod,workplan.workplan.lines.hod,model_workplan_workplan_lines,workplan.workplan_group_hod,1,1,1,0
access_workplan_objective_admin,workplan.objective.admin,model_workplan_objective,workplan.workplan_group_admin,1,1,1,1
access_workplan_outcome_admin,workplan.outcome.admin,model_workplan_outcome,workplan.workplan_group_admin,1,1,1,1
access_workplan_indicator_admin,workplan.indicator.admin,model_workplan_indicator,workplan.workplan_group_admin,1,1,1,1
access_workplan_workplan_admin,workplan.workplan.admin,model_workplan_workplan,workplan.workplan_group_admin,1,1,1,1
access_workplan_workplan_lines_admin,workplan.workplan.lines.admin,model_workplan_workplan_lines,workplan.workplan_group_admin,1,1,1,1
